type	alignment_column	position	Swiss_2026_M	NRC-4_2018_M_MN258192.1	NRC-3_1997_M_MN258191.1
nucleotide	1	1	-	G	-
nucleotide	2	2	-	T	-
nucleotide	3	3	-	A	A
nucleotide	4	4	-	G	G
nucleotide	5	5	-	T	T
nucleotide	6	6	-	A	A
nucleotide	361	355	C	T	T
nucleotide	370	364	T	C	C
nucleotide	452	446	C	T	T
nucleotide	626	620	G	A	A
nucleotide	641	635	C	T	T
nucleotide	649	643	G	A	A
nucleotide	661	655	C	T	T
nucleotide	673	667	C	T	T
nucleotide	1069	1063	A	G	G
nucleotide	1148	1142	T	C	C
nucleotide	1162	1156	A	G	G
nucleotide	1165	1159	A	G	G
nucleotide	1207	1201	G	A	A
nucleotide	1228	1222	A	G	G
nucleotide	1336	1330	G	A	A
nucleotide	1357	1351	A	G	G
nucleotide	1486	1480	C	A	A
nucleotide	1596	1590	T	C	C
nucleotide	1642	1636	C	T	T
nucleotide	1666	1660	C	T	T
nucleotide	1762	1756	G	A	A
nucleotide	1966	1960	G	A	A
nucleotide	2284	2278	T	C	C
nucleotide	2410	2404	C	T	T
nucleotide	2417	2411	T	C	C
nucleotide	2539	2533	G	A	A
nucleotide	2612	2606	T	C	C
nucleotide	2695	2689	C	T	T
nucleotide	2725	2719	A	T	T
nucleotide	2911	2905	A	G	G
nucleotide	2923	2917	G	A	A
nucleotide	3029	3023	A	G	A
nucleotide	3073	3067	G	A	A
nucleotide	3154	3148	A	T	T
nucleotide	3424	3418	T	C	C
nucleotide	3475	3469	T	C	C
nucleotide	3481	3475	C	T	T
nucleotide	3491	3485	G	T	T
nucleotide	3494	3494	-	T	T
nucleotide	3495	3495	-	G	G
nucleotide	3496	3496	-	T	T
nucleotide	3497	3497	-	A	A
nucleotide	3498	3498	-	T	T
nucleotide	3499	3499	-	A	A
nucleotide	3500	3500	-	C	C
nucleotide	3501	3501	-	A	A
nucleotide	3506	3492	C	T	T
nucleotide	3658	3644	T	T	-
nucleotide	3659	3645	C	-	-
nucleotide	3660	3646	C	-	-
nucleotide	3661	3647	T	-	-
nucleotide	3662	3648	G	-	-
nucleotide	3663	3649	C	-	-
protein	193	193	A	T	T
protein	516	516	I	T	T
protein	994	994	T	A	T
